-- You can use this file to load seed data into the database using SQL statements
insert into GrupoUsuario (id, clave,   nombre,   horaInicial, horaFinal, fechaRegistro, ultimaActualizacion, eliminado, semaforo)  values (1,  'admin', 'Administradores', now(), now(), now(), now(), 0, 0);
insert into GrupoUsuario (id, clave,   nombre,   horaInicial, horaFinal, fechaRegistro, ultimaActualizacion, eliminado, semaforo)  values (2,  'factu', 'Facturistas', now(), now(), now(), now(), 0, 0);
insert into GrupoUsuario (id, clave,   nombre,   horaInicial, horaFinal, fechaRegistro, ultimaActualizacion, eliminado, semaforo)  values (3,  'auxil', 'Auxiliares', now(), now(), now(), now(), 0, 0);
insert into AuditoriaGrupoUsuario (idAuditoria, id, triggerActivadoPor, accionRealizada,  clave,   nombre,   horaInicial, horaFinal, fechaRegistro, ultimaActualizacion, eliminado, semaforo)  values (1, 1, 'jorge', 'eliminacion',  'auxil', 'Auxiliares', now(), now(), now(), now(), 0, 0);
insert into AuditoriaGrupoUsuario (idAuditoria, id, triggerActivadoPor, accionRealizada,  clave,   nombre,   horaInicial, horaFinal, fechaRegistro, ultimaActualizacion, eliminado, semaforo)  values (2, 2, 'paul' , 'modificacion', 'auxil', 'Auxiliares', now(), now(), now(), now(), 0, 0);

insert into Modulo(id, nombre, clave, eliminado, semaforo) values (0, 'Clientes', 'clientes', 0, 0);
insert into Modulo(id, nombre, clave, eliminado, semaforo) values (1, 'Lugares de emisión', 'lugaresEmision', 0, 0);
insert into Modulo(id, nombre, clave, eliminado, semaforo) values (2, 'Monedas', 'monedas', 0, 0);
insert into Modulo(id, nombre, clave, eliminado, semaforo) values (3, 'Unidades', 'unidades', 0, 0);
insert into Modulo(id, nombre, clave, eliminado, semaforo) values (4, 'Productos y Servicios', 'productoServicio', 0, 0);
insert into Modulo(id, nombre, clave, eliminado, semaforo) values (5, 'CFDs Emitidos', 'cfdEmitido', 0, 0);
insert into Modulo(id, nombre, clave, eliminado, semaforo) values (6, 'Datos del Emisor', 'datosEmisor', 0, 0);
insert into Modulo(id, nombre, clave, eliminado, semaforo) values (7, 'CSD del Emisor', 'csdEmisor', 0, 0);
insert into Modulo(id, nombre, clave, eliminado, semaforo) values (8, 'Grupos de Usuarios', 'grupoUsuarios', 0, 0);
insert into Modulo(id, nombre, clave, eliminado, semaforo) values (9, 'Usuarios', 'usuarios', 0, 0);
insert into Modulo(id, nombre, clave, eliminado, semaforo) values (10, 'Plantillas', 'plantillas', 0, 0);
insert into Modulo(id, nombre, clave, eliminado, semaforo) values (11, 'Auditoría', 'auditoria', 0, 0);

insert into Permiso (id, idGrupoUsuario, idModulo, nombreModulo, permiso, fechaRegistro, ultimaActualizacion, modificadoPor, eliminado, semaforo) values (0, 1, 0, 'Clientes', 0, now(), now(), 'admin', 0, 0);
insert into Permiso (id, idGrupoUsuario, idModulo, nombreModulo, permiso, fechaRegistro, ultimaActualizacion, modificadoPor, eliminado, semaforo) values (1, 1, 1, 'Lugares de emisión', 0, now(), now(), 'admin', 0, 0);
insert into Permiso (id, idGrupoUsuario, idModulo, nombreModulo, permiso, fechaRegistro, ultimaActualizacion, modificadoPor, eliminado, semaforo) values (2, 1, 2, 'Monedas', 0, now(), now(), 'admin', 0, 0);
insert into Permiso (id, idGrupoUsuario, idModulo, nombreModulo, permiso, fechaRegistro, ultimaActualizacion, modificadoPor, eliminado, semaforo) values (3, 1, 3, 'Unidades', 0, now(), now(), 'admin', 0, 0);
insert into Permiso (id, idGrupoUsuario, idModulo, nombreModulo, permiso, fechaRegistro, ultimaActualizacion, modificadoPor, eliminado, semaforo) values (4, 1, 4, 'Productos y Servicios', 0, now(), now(), 'admin', 0, 0);
insert into Permiso (id, idGrupoUsuario, idModulo, nombreModulo, permiso, fechaRegistro, ultimaActualizacion, modificadoPor, eliminado, semaforo) values (5, 1, 5, 'CFDs Emitidos', 0, now(), now(), 'admin', 0, 0);
insert into Permiso (id, idGrupoUsuario, idModulo, nombreModulo, permiso, fechaRegistro, ultimaActualizacion, modificadoPor, eliminado, semaforo) values (6, 1, 6, 'Datos del Emisor', 0, now(), now(), 'admin', 0, 0);
insert into Permiso (id, idGrupoUsuario, idModulo, nombreModulo, permiso, fechaRegistro, ultimaActualizacion, modificadoPor, eliminado, semaforo) values (7, 1, 7, 'CSD del Emisor', 0, now(), now(), 'admin', 0, 0);
insert into Permiso (id, idGrupoUsuario, idModulo, nombreModulo, permiso, fechaRegistro, ultimaActualizacion, modificadoPor, eliminado, semaforo) values (8, 1, 8, 'Grupos de Usuarios',0, now(), now(), 'admin', 0, 0);
insert into Permiso (id, idGrupoUsuario, idModulo, nombreModulo, permiso, fechaRegistro, ultimaActualizacion, modificadoPor, eliminado, semaforo) values (9, 1, 9, 'Usuarios', 0, now(), now(), 'admin', 0, 0);
insert into Permiso (id, idGrupoUsuario, idModulo, nombreModulo, permiso, fechaRegistro, ultimaActualizacion, modificadoPor, eliminado, semaforo) values (10, 1, 10, 'Plantillas', 0, now(), now(), 'admin', 0, 0);
insert into Permiso (id, idGrupoUsuario, idModulo, nombreModulo, permiso, fechaRegistro, ultimaActualizacion, modificadoPor, eliminado, semaforo) values (11, 1, 11, 'Auditoria', 0, now(), now(), 'admin', 0, 0);
insert into Permiso (id, idGrupoUsuario, idModulo, nombreModulo, permiso, fechaRegistro, ultimaActualizacion, modificadoPor, eliminado, semaforo) values (12, 2, 0, 'Clientes', 0, now(), now(), 'admin', 0, 0);

INSERT INTO Usuario (id, clave, password, nombre, grupo, calle, noExterior, noInterior, colonia, codigoPostal, municipio, ciudad, estado, telefono1, telefono2, fax, email, comentarios, fechaRegistro, ultimaActualizacion, eliminado, semaforo) VALUES (90, 'admin', 'password', 'usuario', 1, 'Calle 7-j', '7', '2', 'Bosques', 72310, 'Puebla', 'Puebla', 'Puebla', '2917902', '', '', 'jorge.robles@xpd.mx', 'Algún comentario', now(), now(), 0, 0);
INSERT INTO Usuario (id, clave, password, nombre, grupo, calle, noExterior, noInterior, colonia, codigoPostal, municipio, ciudad, estado, telefono1, telefono2, fax, email, comentarios, fechaRegistro, ultimaActualizacion, eliminado, semaforo) VALUES (99, 'facturista', 'password1', 'user', 1, 'Chopo', '119', '', 'Amalucan', 72310, 'Puebla', 'Puebla', 'Puebla', '2917902', '', '', 'angel.robles@xpd.mx', 'Otro comentario', now(), now(), 0, 0);
INSERT INTO AuditoriaUsuario (idAuditoria, id, triggerActivadoPor, accionRealizada, clave, password, nombre, grupo, calle, noExterior, noInterior, colonia, codigoPostal, municipio, ciudad, estado, telefono1, telefono2, fax, email, comentarios, fechaRegistro, ultimaActualizacion, eliminado, semaforo) VALUES (1, 99, 'jorge', 'eliminacion' , 'facturista', 'password1', 'user one', 1, 'Chopa', '119', '', 'Bosques', 72310, 'Puebla', 'Puebla', 'Puebla', '2917902', '', '', 'angel.robles@xpd.mx', 'comentario 1', now(), now(), 0, 0);
INSERT INTO AuditoriaUsuario (idAuditoria, id, triggerActivadoPor, accionRealizada, clave, password, nombre, grupo, calle, noExterior, noInterior, colonia, codigoPostal, municipio, ciudad, estado, telefono1, telefono2, fax, email, comentarios, fechaRegistro, ultimaActualizacion, eliminado, semaforo) VALUES (2, 99, 'paul', 'modificacion' , 'facturista', 'password1', 'user two', 1, 'Choper', '119', '', 'Amalucan', 72310, 'Puebla', 'Puebla', 'Puebla', '2917902', '', '', 'angel.robles@xpd.mx', 'comentario 2', now(), now(), 0, 0);

insert into Unidad (id, clave, nombre, nombreCorto, fecha_registro, ultimaActualizacion, modificado_por, eliminado, semaforo) values (0, 'kg', 'Kilogramo', 'Kg', now(), now(), 'Admin', 0, 0);
insert into Unidad (id, clave, nombre, nombreCorto, fecha_registro, ultimaActualizacion, modificado_por, eliminado, semaforo) values (1, 'lt', 'Litros', 'Lt', now(), now(), 'Admin', 0, 0);
insert into Unidad (id, clave, nombre, nombreCorto, fecha_registro, ultimaActualizacion, modificado_por, eliminado, semaforo) values (2, 'pza', 'Pieza', '', now(), now(), 'Admin', 0, 0);
insert into Unidad (id, clave, nombre, nombreCorto, fecha_registro, ultimaActualizacion, modificado_por, eliminado, semaforo) values (3, 'bot', 'Botella', 'Bot', now(), now(), 'Admin', 0, 0);

insert into producto_servicio (id, clave, nombre, codigo_moneda, precio_unitario, iva_exento, tasa_iva, comentario, fecha_registro, ultimaActualizacion, modificado_por, eliminado, semaforo) values (0, 'blusa14', 'Blusa Rosa', 'USD', 145.25, 0, 15, 'coment Blusa', now(), now(), 'Admin', 0, 0);
insert into producto_servicio (id, clave, nombre, codigo_moneda, precio_unitario, iva_exento, tasa_iva, comentario, fecha_registro, ultimaActualizacion, modificado_por, eliminado, semaforo) values (1, 'perro10', 'Perro Chihuahua', 'YEN', 1235.25, 0, 11, 'coment Perro', now(), now(), 'User2', 0, 0);
insert into producto_servicio (id, clave, nombre, codigo_moneda, precio_unitario, iva_exento, tasa_iva, comentario, fecha_registro, ultimaActualizacion, modificado_por, eliminado, semaforo) values (2, 'coca1.5', 'Coca 1.5L', 'MX', 15.50, 0, 5, 'Coca litro y medio', now(), now(), 'Admin', 0, 0);
insert into producto_servicio (id, clave, nombre, codigo_moneda, precio_unitario, iva_exento, tasa_iva, comentario, fecha_registro, ultimaActualizacion, modificado_por, eliminado, semaforo) values (3, 'paleta5', 'Tutsi Pop', 'MX', 1.25, 0, 0, 'Paleta roja chica', now(), now(), 'Admin', 0, 0);
-- insert into AuditoriaProductoServicio (idAuditoria, id, triggerActivadoPor, accionRealizada, clave, nombre, codigo_moneda, precio_unitario, iva_exento, tasa_iva, comentario, fecha_registro, ultimaActualizacion, modificado_por, eliminado, semaforo) values (1, 0, 'jorge', 'modificacion', 'blusa3', 'Blusa Rosa Mexicano', 'MX', 145.25, 0, 15, 'coment Blusa', now(), now(), 'Admin', 0, 0);
-- insert into AuditoriaProductoServicio (idAuditoria, id, triggerActivadoPor, accionRealizada, clave, nombre, codigo_moneda, precio_unitario, iva_exento, tasa_iva, comentario, fecha_registro, ultimaActualizacion, modificado_por, eliminado, semaforo) values (2, 2, 'gerardo', 'eliminacion', 'blusita', 'Blusa ', 'YEN', 145.25, 0, 5, 'comentario Blusita', now(), now(), 'Admin', 0, 0);

--insert into CfdEmitido (id, version, serie, folio, fecha, sello, formaDePago, noCertificado, certificado, condicionesDePago, subTotal, descuento, motivoDescuento, tipoCambio, moneda, total, tipoComprobante, metodoDePago, LugarExpedicion, NumCtaPago, FolioFiscalOrig, SerieFolioFiscalOrig, FechaFolioFiscalOrig, MontoFolioFiscalOrig, ultimaActualizacion, estatus, enviado, semaforo, eliminado, iva, rfcReceptor) values (0, 'version', 'A', '1', '2013-04-12T19:10:50', 'sello', 'en efectivo', '6451685', 'CERTIFICADO', 'condiciones', 50.00, 2.50, 'motivo', 'tipoCambio', 'moneda', 47.50, 'Factura', 'En Efectivo', 'Puebla', 'numCtaPago', '6851651-a6s5d1as6-as56df1-a6sd5f1', '2309847120398049', '2013-04-04T04:20:10', 'montoFolioFiscalOriginal', now(), 'pagado', 0, 0, 0, 0.00, 'XAXX010101XAX');
insert into cfd_emitido (id, tipoComprobante, serie, folio, rfcReceptor, formaDePago, subTotal, iva, total, fecha, estatus, enviado, ultimaActualizacion, semaforo, eliminado) values (4, 'Factura', 'A', 10, 'XAX010101XXX', 'Pago en una sola exhibición', 100.00, 15.00, 115.00, '2013-04-15T16:20:10', 'pen', 1, now(), 0, 0);
insert into cfd_emitido (id, tipoComprobante, serie, folio, rfcReceptor, formaDePago, subTotal, iva, total, fecha, estatus, enviado, ultimaActualizacion, semaforo, eliminado) values (3, 'Factura', 'A', 9, 'AAA010101AAA', 'Pago en una sola exhibición', 450.00, 0.00, 450.00, '2013-04-11T16:20:10', 'can', 0, now(), 0, 0);
insert into cfd_emitido (id, tipoComprobante, serie, folio, rfcReceptor, formaDePago, subTotal, iva, total, fecha, estatus, enviado, ultimaActualizacion, semaforo, eliminado) values (2, 'Recibo de Honorarios', 'B', 5, 'XAX010101XXX', 'En efectivo', 40.00, 7.50, 47.50, '2013-04-05T16:20:10', 'pen', 0, now(), 0, 0);
insert into cfd_emitido (id, tipoComprobante, serie, folio, rfcReceptor, formaDePago, subTotal, iva, total, fecha, estatus, enviado, ultimaActualizacion, semaforo, eliminado) values (1, 'Nota de Cargo', 'A', 8, 'CCC1007293K0', 'Con cuerpo', 200.00, 29.00, 229.00, '2013-03-15T16:20:10', 'pagado', 1, now(), 0, 0);

insert into certificado_sello_digital (id, archivoKey, certificado, nombre_archivo_key, nombre_archivo_cer, noSerie, fechaInicio, fechaFin, usar, comentario, fecha_registro, ultimaActualizacion, modificado_por, eliminado, semaforo) values (0, 'rrOEmd0wcWDBu+UCE3JgvI2hY/PvDWVV+/IN0uITGZUdta93VAxRByFhOqIeq/Ny2x3NCB5M7Tu1lHo5LkSmXLCbIrv7gkBi7xrCEt+9LTLDBq5ZIGkVsMnZOygwX4kHTAW8m0NQmRWTu7fPq804H6amU3IWq8PrWBrIn/lMiOp4EqQR4/VRpMVbIp7qDKD4REzzJKOirm9TVJYINOYSF6cbNLZznRaLNaw1A8Z09bPH9lMNoJLek8cl8mN/S9I7H4stt569FBbxSd4ilDS7aYIs4Ah2rcYumysP8+1ZJVq68v6PwoGw1Lx7EGPR5j71PGkVxEtm7DZP7pJ4hxGO/vJ5y1yBBZ89jrlzVy6mk5Upabeb6tTJiDLN88UVvoYV5sHrH16M7F/gRzVvNNYoH2ohiC1K4BHVTV3qS0XTSvdQxoOcwzFC7GjbtWZtqjM1oS9GBhQIMWUgqEdc38kXsye2YIe9nH4DxLRAAedCB+0Fo5tay1yMTuftLYb32k6UskM6Z+7OOBWAZ6fYn94MQ1caPVwQowDHvgmNIbw78G0U9bDKN3IJiKgiqZYVw78VvwvzoCWT4F1JV76FczpX9X32z4wmqHlhWwrXV5evROAHfxD8zOJnX33VIa+o58A71HkYzMHhGdSBhnPZkKOLMHctkvpe+663y9YJSuGQ5xw65kuygnuX5eCTndVGD2TneDl2NvFL8FWESZsr3RoZ8Kfb1eJrNLxORHgD5ubNot2YiKDT0CgEC6ma2i7i8SSDH+1qWVBQs+53r+1oyx6TYJzvRYOWzgzdjmWwWJECL5hX8VLdGwQxP9s5Qvv79M/zwORtp+yK5JeUVkDMcbZJsq6FaebwhIpNqGCQKoIdhIKKCqrVB+7YsTmw/zgThmqusfwks6A4QkfRGtDB07w2n5nBoQXtLqBcM9XTiQeyuDojaYehcJUYuKCRu9/RWlIbYbu+1/3mC+INxeH1BdVBff/TVQNit6zwn5QACMGMhFHNUgFkiOeEVB5Soy8QqIr3wc8BmiDM40tJGQilOdyotEGT8N+cXOJt/0JFda3J2QSymcQqMYUEQU1BQ7Pab6puS40q6fo47kEjuLBW9eKlcvLMXBrUzCFH9bxtTpbOIhatntNxq7/K2u4eEFYw+lAKUqugsXar566396qlVZN4FQ29WXBg85rNTp+t2ZsHP+LQi3k4j6O/8ibbQ9kPBCzPKNto2rDB5mai4qT33yxH4w==', '-----BEGIN CERTIFICATE-----MIIE2jCCA8KgAwIBAgIUMjAwMDEwMDAwMDAyMDAwMDAyOTMwDQYJKoZIhvcNAQEFBQAwggFcMRowGAYDVQQDDBFBLkMuIDIgZGUgcHJ1ZWJhczEvMC0GA1UECgwmU2VydmljaW8gZGUgQWRtaW5pc3RyYWNpw7NuIFRyaWJ1dGFyaWExODA2BgNVBAsML0FkbWluaXN0cmFjacOzbiBkZSBTZWd1cmlkYWQgZGUgbGEgSW5mb3JtYWNpw7NuMSkwJwYJKoZIhvcNAQkBFhphc2lzbmV0QHBydWViYXMuc2F0LmdvYi5teDEmMCQGA1UECQwdQXYuIEhpZGFsZ28gNzcsIENvbC4gR3VlcnJlcm8xDjAMBgNVBBEMBTA2MzAwMQswCQYDVQQGEwJNWDEZMBcGA1UECAwQRGlzdHJpdG8gRmVkZXJhbDESMBAGA1UEBwwJQ295b2Fjw6FuMTQwMgYJKoZIhvcNAQkCDCVSZXNwb25zYWJsZTogQXJhY2VsaSBHYW5kYXJhIEJhdXRpc3RhMB4XDTEyMTAyNjE5MjI0M1oXDTE2MTAyNjE5MjI0M1owggFTMUkwRwYDVQQDE0BBU09DSUFDSU9OIERFIEFHUklDVUxUT1JFUyBERUwgRElTVFJJVE8gREUgUklFR08gMDA0IERPTiBNQVJUSU4gMWEwXwYDVQQpE1hBU09DSUFDSU9OIERFIEFHUklDVUxUT1JFUyBERUwgRElTVFJJVE8gREUgUklFR08gMDA0IERPTiBNQVJUSU4gQ09BSFVJTEEgWSBOVUVWTyBMRU9OIEFDMUkwRwYDVQQKE0BBU09DSUFDSU9OIERFIEFHUklDVUxUT1JFUyBERUwgRElTVFJJVE8gREUgUklFR08gMDA0IERPTiBNQVJUSU4gMSUwIwYDVQQtExxBQUQ5OTA4MTRCUDcgLyBIRUdUNzYxMDAzNFMyMR4wHAYDVQQFExUgLyBIRUdUNzYxMDAzTURGUk5OMDkxETAPBgNVBAsTCFNlcnZpZG9yMIGfMA0GCSqGSIb3DQEBAQUAA4GNADCBiQKBgQDlrI9loozd+UcW7YHtqJimQjzX9wHIUcc1KZyBBB8/5fZsgZ/smWS4Sd6HnPs9GSTtnTmM4bEgx28N3ulUshaaBEtZo3tsjwkBV/yVQ3SRyMDkqBA2NEjbcum+e/MdCMHiPI1eSGHEpdESt55a0S6N24PW732Xm3ZbGgOp1tht1wIDAQABox0wGzAMBgNVHRMBAf8EAjAAMAsGA1UdDwQEAwIGwDANBgkqhkiG9w0BAQUFAAOCAQEAuoPXe+BBIrmJn+IGeI+m97OlP3RC4Ct3amjGmZICbvhI9BTBLCL/PzQjjWBwU0MG8uK6e/gcB9f+klPiXhQTeI1YKzFtWrzctpNEJYo0KXMgvDiputKphQ324dP0nzkKUfXlRIzScJJCSgRw9ZifKWN0D9qTdkNkjk83ToPgwnldg5lzU62woXo4AKbcuabAYOVoC7owM5bfNuWJe566UzD6i5PFY15jYMzi1+ICriDItCv3S+JdqyrBrX3RloZhdyXqs2Htxfw4b1OcYboPCu4+9qM3OV02wyGKlGQMhfrXNwYyj8huxS1pHghEROM2Zs0paZUOy+6ajM+Xh0LX2w==-----END CERTIFICATE-----', 'aad990814bp7_1210261233s.key', 'aad990814bp7_1210261233s.cer', '20001000000200000293', '2012-10-26 14:22:43.0', '2016-10-26 14:22:43.0', 0, 'primer comentario', now(), now(), 'Admin', 0, 0);
-- insert into AuditoriaCertificadoSelloDigital (idAuditoria, id, triggerActivadopor, accionRealizada, archivoKey, certificado, nombre_archivo_key, nombre_archivo_cer, noSerie, fechaInicio, fechaFin, usar, comentario, fecha_registro, ultimaActualizacion, modificado_por, eliminado, semaforo) values (1, 0,'paul', 'modificacion' , '-----BEGIN PRIVATE KEY-----MIICdwIBADANBgkqhkiG9w0BAQEFAASCAmEwggJdAgEAAoGBAOWsj2WijN35Rxbtge2omKZCPNf3AchRxzUpnIEEHz/l9myBn+yZZLhJ3oec+z0ZJO2dOYzhsSDHbw3e6VSyFpoES1mje2yPCQFX/JVDdJHIwOSoEDY0SNty6b578x0IweI8jV5IYcSl0RK3nlrRLo3bg9bvfZebdlsaA6nW2G3XAgMBAAECgYEA31S3r52rmuEdtnbHI8EQhoLcRSikLBURP2myDGZkuK61u3ckel4CaY0y/O2yBAxiM0fyQULpCTXEkFlUzI3LmKoj/L0cSlk58xf8hB837/fn/bulnATWSajKn/p4ecXpBlPTySf9MPwoyNwXdyjjz0bQc6oo1U42VybQRNgvWGECQQD/bs/aDjypd9AGUVFn6l6zoQEFRjNLevsHUEveD871UUmdkE9AXNyUR1k9W+OH1V74eS29spNphEnnCVV7ANVHAkEA5i8bXxa7g6Tue2/NkOjFK5i54RTaGPbjvPcg1N1Wq8pew0lx0lY3q7A+qH3VjiJHwSRifY7n92zkxutSqF4q8QJBAIcopYcmfWbW5RZStRadZ1r5WMbnrIDGJEpsbJimGMaqKp/bGnReLsGvN0NGehEIEGa+CDwWX/Y3b7t2ruqVOEUCQEVgw2Y4qtH13y9zNklL70nBoZzWtRm7KE8nSUz/XYUv3LoNo/HarLLhzzDnpHtPl8L+HXVsojvwJVBTUzmOEHECQAbb2iy3tRNcIWj770+6+9qj5fKKvhNNtBoh5rzu79PA9Un8pxEy7OTSVQJ+HtwoRzUrxK07IYp9K9Sbyy0yqkc=-----END PRIVATE KEY-----', '-----BEGIN CERTIFICATE-----MIIE2jCCA8KgAwIBAgIUMjAwMDEwMDAwMDAyMDAwMDAyOTMwDQYJKoZIhvcNAQEFBQAwggFcMRowGAYDVQQDDBFBLkMuIDIgZGUgcHJ1ZWJhczEvMC0GA1UECgwmU2VydmljaW8gZGUgQWRtaW5pc3RyYWNpw7NuIFRyaWJ1dGFyaWExODA2BgNVBAsML0FkbWluaXN0cmFjacOzbiBkZSBTZWd1cmlkYWQgZGUgbGEgSW5mb3JtYWNpw7NuMSkwJwYJKoZIhvcNAQkBFhphc2lzbmV0QHBydWViYXMuc2F0LmdvYi5teDEmMCQGA1UECQwdQXYuIEhpZGFsZ28gNzcsIENvbC4gR3VlcnJlcm8xDjAMBgNVBBEMBTA2MzAwMQswCQYDVQQGEwJNWDEZMBcGA1UECAwQRGlzdHJpdG8gRmVkZXJhbDESMBAGA1UEBwwJQ295b2Fjw6FuMTQwMgYJKoZIhvcNAQkCDCVSZXNwb25zYWJsZTogQXJhY2VsaSBHYW5kYXJhIEJhdXRpc3RhMB4XDTEyMTAyNjE5MjI0M1oXDTE2MTAyNjE5MjI0M1owggFTMUkwRwYDVQQDE0BBU09DSUFDSU9OIERFIEFHUklDVUxUT1JFUyBERUwgRElTVFJJVE8gREUgUklFR08gMDA0IERPTiBNQVJUSU4gMWEwXwYDVQQpE1hBU09DSUFDSU9OIERFIEFHUklDVUxUT1JFUyBERUwgRElTVFJJVE8gREUgUklFR08gMDA0IERPTiBNQVJUSU4gQ09BSFVJTEEgWSBOVUVWTyBMRU9OIEFDMUkwRwYDVQQKE0BBU09DSUFDSU9OIERFIEFHUklDVUxUT1JFUyBERUwgRElTVFJJVE8gREUgUklFR08gMDA0IERPTiBNQVJUSU4gMSUwIwYDVQQtExxBQUQ5OTA4MTRCUDcgLyBIRUdUNzYxMDAzNFMyMR4wHAYDVQQFExUgLyBIRUdUNzYxMDAzTURGUk5OMDkxETAPBgNVBAsTCFNlcnZpZG9yMIGfMA0GCSqGSIb3DQEBAQUAA4GNADCBiQKBgQDlrI9loozd+UcW7YHtqJimQjzX9wHIUcc1KZyBBB8/5fZsgZ/smWS4Sd6HnPs9GSTtnTmM4bEgx28N3ulUshaaBEtZo3tsjwkBV/yVQ3SRyMDkqBA2NEjbcum+e/MdCMHiPI1eSGHEpdESt55a0S6N24PW732Xm3ZbGgOp1tht1wIDAQABox0wGzAMBgNVHRMBAf8EAjAAMAsGA1UdDwQEAwIGwDANBgkqhkiG9w0BAQUFAAOCAQEAuoPXe+BBIrmJn+IGeI+m97OlP3RC4Ct3amjGmZICbvhI9BTBLCL/PzQjjWBwU0MG8uK6e/gcB9f+klPiXhQTeI1YKzFtWrzctpNEJYo0KXMgvDiputKphQ324dP0nzkKUfXlRIzScJJCSgRw9ZifKWN0D9qTdkNkjk83ToPgwnldg5lzU62woXo4AKbcuabAYOVoC7owM5bfNuWJe566UzD6i5PFY15jYMzi1+ICriDItCv3S+JdqyrBrX3RloZhdyXqs2Htxfw4b1OcYboPCu4+9qM3OV02wyGKlGQMhfrXNwYyj8huxS1pHghEROM2Zs0paZUOy+6ajM+Xh0LX2w==-----END CERTIFICATE-----', 'aad990814bp7_1210261233s.key', 'aad990814bp7_1210261233s.cer', '20001000000200000293', '2012-10-26 14:22:43.0', '2016-10-26 14:22:43.0', 0, 'comentario', now(), now(), 'Admin', 0, 0);
-- insert into AuditoriaCertificadoSelloDigital (idAuditoria, id, triggerActivadopor, accionRealizada, archivoKey, certificado, nombre_archivo_key, nombre_archivo_cer, noSerie, fechaInicio, fechaFin, usar, comentario, fecha_registro, ultimaActualizacion, modificado_por, eliminado, semaforo) values (2, 0,'jorge', 'eliminacion' , '-----BEGIN PRIVATE KEY-----MIICdwIBADANBgkqhkiG9w0BAQEFAASCAmEwggJdAgEAAoGBAOWsj2WijN35Rxbtge2omKZCPNf3AchRxzUpnIEEHz/l9myBn+yZZLhJ3oec+z0ZJO2dOYzhsSDHbw3e6VSyFpoES1mje2yPCQFX/JVDdJHIwOSoEDY0SNty6b578x0IweI8jV5IYcSl0RK3nlrRLo3bg9bvfZebdlsaA6nW2G3XAgMBAAECgYEA31S3r52rmuEdtnbHI8EQhoLcRSikLBURP2myDGZkuK61u3ckel4CaY0y/O2yBAxiM0fyQULpCTXEkFlUzI3LmKoj/L0cSlk58xf8hB837/fn/bulnATWSajKn/p4ecXpBlPTySf9MPwoyNwXdyjjz0bQc6oo1U42VybQRNgvWGECQQD/bs/aDjypd9AGUVFn6l6zoQEFRjNLevsHUEveD871UUmdkE9AXNyUR1k9W+OH1V74eS29spNphEnnCVV7ANVHAkEA5i8bXxa7g6Tue2/NkOjFK5i54RTaGPbjvPcg1N1Wq8pew0lx0lY3q7A+qH3VjiJHwSRifY7n92zkxutSqF4q8QJBAIcopYcmfWbW5RZStRadZ1r5WMbnrIDGJEpsbJimGMaqKp/bGnReLsGvN0NGehEIEGa+CDwWX/Y3b7t2ruqVOEUCQEVgw2Y4qtH13y9zNklL70nBoZzWtRm7KE8nSUz/XYUv3LoNo/HarLLhzzDnpHtPl8L+HXVsojvwJVBTUzmOEHECQAbb2iy3tRNcIWj770+6+9qj5fKKvhNNtBoh5rzu79PA9Un8pxEy7OTSVQJ+HtwoRzUrxK07IYp9K9Sbyy0yqkc=-----END PRIVATE KEY-----', '-----BEGIN CERTIFICATE-----MIIE2jCCA8KgAwIBAgIUMjAwMDEwMDAwMDAyMDAwMDAyOTMwDQYJKoZIhvcNAQEFBQAwggFcMRowGAYDVQQDDBFBLkMuIDIgZGUgcHJ1ZWJhczEvMC0GA1UECgwmU2VydmljaW8gZGUgQWRtaW5pc3RyYWNpw7NuIFRyaWJ1dGFyaWExODA2BgNVBAsML0FkbWluaXN0cmFjacOzbiBkZSBTZWd1cmlkYWQgZGUgbGEgSW5mb3JtYWNpw7NuMSkwJwYJKoZIhvcNAQkBFhphc2lzbmV0QHBydWViYXMuc2F0LmdvYi5teDEmMCQGA1UECQwdQXYuIEhpZGFsZ28gNzcsIENvbC4gR3VlcnJlcm8xDjAMBgNVBBEMBTA2MzAwMQswCQYDVQQGEwJNWDEZMBcGA1UECAwQRGlzdHJpdG8gRmVkZXJhbDESMBAGA1UEBwwJQ295b2Fjw6FuMTQwMgYJKoZIhvcNAQkCDCVSZXNwb25zYWJsZTogQXJhY2VsaSBHYW5kYXJhIEJhdXRpc3RhMB4XDTEyMTAyNjE5MjI0M1oXDTE2MTAyNjE5MjI0M1owggFTMUkwRwYDVQQDE0BBU09DSUFDSU9OIERFIEFHUklDVUxUT1JFUyBERUwgRElTVFJJVE8gREUgUklFR08gMDA0IERPTiBNQVJUSU4gMWEwXwYDVQQpE1hBU09DSUFDSU9OIERFIEFHUklDVUxUT1JFUyBERUwgRElTVFJJVE8gREUgUklFR08gMDA0IERPTiBNQVJUSU4gQ09BSFVJTEEgWSBOVUVWTyBMRU9OIEFDMUkwRwYDVQQKE0BBU09DSUFDSU9OIERFIEFHUklDVUxUT1JFUyBERUwgRElTVFJJVE8gREUgUklFR08gMDA0IERPTiBNQVJUSU4gMSUwIwYDVQQtExxBQUQ5OTA4MTRCUDcgLyBIRUdUNzYxMDAzNFMyMR4wHAYDVQQFExUgLyBIRUdUNzYxMDAzTURGUk5OMDkxETAPBgNVBAsTCFNlcnZpZG9yMIGfMA0GCSqGSIb3DQEBAQUAA4GNADCBiQKBgQDlrI9loozd+UcW7YHtqJimQjzX9wHIUcc1KZyBBB8/5fZsgZ/smWS4Sd6HnPs9GSTtnTmM4bEgx28N3ulUshaaBEtZo3tsjwkBV/yVQ3SRyMDkqBA2NEjbcum+e/MdCMHiPI1eSGHEpdESt55a0S6N24PW732Xm3ZbGgOp1tht1wIDAQABox0wGzAMBgNVHRMBAf8EAjAAMAsGA1UdDwQEAwIGwDANBgkqhkiG9w0BAQUFAAOCAQEAuoPXe+BBIrmJn+IGeI+m97OlP3RC4Ct3amjGmZICbvhI9BTBLCL/PzQjjWBwU0MG8uK6e/gcB9f+klPiXhQTeI1YKzFtWrzctpNEJYo0KXMgvDiputKphQ324dP0nzkKUfXlRIzScJJCSgRw9ZifKWN0D9qTdkNkjk83ToPgwnldg5lzU62woXo4AKbcuabAYOVoC7owM5bfNuWJe566UzD6i5PFY15jYMzi1+ICriDItCv3S+JdqyrBrX3RloZhdyXqs2Htxfw4b1OcYboPCu4+9qM3OV02wyGKlGQMhfrXNwYyj8huxS1pHghEROM2Zs0paZUOy+6ajM+Xh0LX2w==-----END CERTIFICATE-----', 'aad990814bp7_1210261233s.key', 'aad990814bp7_1210261233s.cer', '20001000000200000293', '2012-10-26 14:22:43.0', '2016-10-26 14:22:43.0', 0, 'comentario Anterior', now(), now(), 'Admin', 0, 0);

INSERT INTO DatosEmisor (id, razonSocial, rfc, tipoPersona, calle, noExterior, noInterior, colonia, codigoPostal, delegacionMunicipio, ciudad, estado, referencia, pais, telefono1, telefono2, fax, email, logo, comentarios, fechaRegistro, ultimaActualizacion, eliminado, semaforo) VALUES (1, 'Empresa de muestra', 'AAD990814BP7', 1, 'Av. Juarez', '120', '2', 'La paz', 72400, 'PUEBLA', 'MEXICO', 1, 'REFERENCIA', 1, '2917902', '2223126867', '', 'demo@empresa.com', '', '', now(), now(), 0, 0);
-- INSERT INTO AuditoriaDatosEmisor (idAuditoria, id, triggerActivadoPor, accionRealizada, razonSocial, rfc, tipoPersona, calle, noExterior, noInterior, colonia, codigoPostal, delegacionMunicipio, ciudad, estado, referencia, pais, telefono1, telefono2, fax, email, logo, comentarios, fechaRegistro, ultimaActualizacion, eliminado, semaforo) VALUES (1, 1, 'Yeni', 'Modificacion', 'CPA Control de Comprobantes Digitales S. de R.L. de C.V.', 'IACF180101JEA', 1, 'Priv. 29 B Sur', '3306', '2', 'El Vergel', 72400, 'PUEBLA', 'MEXICO', 1, 'REFERENCIA', 1, '2481045444', '2481045444', '2481045444', 'nancy.mejia@xpd.mx', 'C:/var/xpd/logos/IACF180101JEA.png', 'ningun comentario', now(), now(), 0, 0);
-- INSERT INTO AuditoriaDatosEmisor (idAuditoria, id, triggerActivadoPor, accionRealizada, razonSocial, rfc, tipoPersona, calle, noExterior, noInterior, colonia, codigoPostal, delegacionMunicipio, ciudad, estado, referencia, pais, telefono1, telefono2, fax, email, logo, comentarios, fechaRegistro, ultimaActualizacion, eliminado, semaforo) VALUES (2, 1, 'Yeni', 'Eliminacion', 'CPA Control de Comprobantes Digitales S. de R.L. de C.V.', 'IACF180101JEA', 1, 'Priv. 29 B Sur', '3306', '2', 'El Vergel', 72400, 'PUEBLA', 'MEXICO', 1, 'REFERENCIA', 1, '2481045444', '2481045444', '2225865854', 'yeni@expidetufactura.com.mx', 'C:/var/xpd/logos/IACF180101JEA.png', 'ningun comentario', now(), now(), 0, 0);


INSERT INTO RegimenFiscal (id, clave, nombre, fechaRegistro, ultimaActualizacion, eliminado, semaforo) VALUES (90,'REG1', 'Regimen de Personas Morales', now(), now(), 0, 0);
INSERT INTO RegimenFiscal (id, clave, nombre, fechaRegistro, ultimaActualizacion, eliminado, semaforo) VALUES (91,'REG2', 'Regimen de Personas Fisicas', now(), now(), 0, 0);
INSERT INTO RegimenFiscal (id, clave, nombre, fechaRegistro, ultimaActualizacion, eliminado, semaforo) VALUES (92,'REG3', 'Regimen General', now(), now(), 0, 0);
INSERT INTO RegimenFiscal (id, clave, nombre, fechaRegistro, ultimaActualizacion, eliminado, semaforo) VALUES (93,'REG4', 'Regimen de Contribuyentes', now(), now(), 0, 0);
INSERT INTO RegimenFiscal (id, clave, nombre, fechaRegistro, ultimaActualizacion, eliminado, semaforo) VALUES (94,'REG5', 'Regimen General de Personas Morales', now(), now(), 0, 0);

insert into Moneda (id, clave, nombreCorto, tipoCambio, nombre, eliminado, fechaRegistro, ultimaActualizacion, semaforo) values (98, 'USD', 'Dolar', 12.00, 'Dolar', 0, now(), now(), 0);
insert into Moneda (id, clave, nombreCorto, tipoCambio, nombre, eliminado, fechaRegistro, ultimaActualizacion, semaforo) values (96, 'MX', 'PESOS MEXICANOS', 1.0, 'PESOS MEXICANOS', 0, now(), now(), 0);
insert into Moneda (id, clave, nombreCorto, tipoCambio, nombre, eliminado, fechaRegistro, ultimaActualizacion, semaforo) values (97, 'EUR', 'Euro', 17.50, 'Moneda Euro', 0, now(), now(), 0);
insert into Moneda (id, clave, nombreCorto, tipoCambio, nombre, eliminado, fechaRegistro, ultimaActualizacion, semaforo) values (99, 'YEN', 'Yen', 0.13, 'Yen', 0, now(), now(), 0);
insert into Moneda (id, clave, nombreCorto, tipoCambio, nombre, eliminado, fechaRegistro, ultimaActualizacion, semaforo) values (95, 'BRZ', 'Real', 6.35, 'Moneda Brasil', 0, now(), now(), 0);

INSERT INTO AuditoriaMoneda (idAuditoria, id, triggerActivadoPor, accionRealizada, clave, nombreCorto,tipoCambio, nombre, eliminado, fechaRegistro, ultimaActualizacion, semaforo) VALUES (1, 99, 'admin', 'modificacion' ,'MX', 'PESOS MEXICANOS', 1.0, 'PESOS MEXICANOS', 0, now(), now(), 0);
INSERT INTO AuditoriaMoneda (idAuditoria, id, triggerActivadoPor, accionRealizada, clave, nombreCorto,tipoCambio, nombre, eliminado, fechaRegistro, ultimaActualizacion, semaforo) VALUES (2, 98, 'paul', 'modificacion' ,'YEN', 'YENES', 1.0, 'MONEDA YEN', 0, now(), now(), 0);
INSERT INTO AuditoriaMoneda (idAuditoria, id, triggerActivadoPor, accionRealizada, clave, nombreCorto,tipoCambio, nombre, eliminado, fechaRegistro, ultimaActualizacion, semaforo) VALUES (3, 98, 'pedro', 'eliminacion' ,'REAL', 'REAL', 1.0, 'MONEDA REAL', 0, now(), now(), 0);

insert into Cliente (id, clave, razonSocial, contrasena, rfc, referencia, calle, numeroInterior, numeroExterior, colonia, codigoPostal, estado, municipio, pais, ciudad, telefono, telefono2, fax, email, comentarios, eliminado, fechaRegistro, ultimaActualizacion, semaforo) values (99, 'Wip11', 'Razon social 1', 'wip1', 'roam761115', 'referencia 1', 'privada 2 de octubre', '5', '0', 'morelos', 72000, 'puebla', 'puebla', 'mexico', 'puebla', '2221458796', null, null, 'wip@algo.mx', 'comentarios 1', 0, now(), now(), 0);
insert into Cliente (id, clave, razonSocial, contrasena, rfc, referencia, calle, numeroInterior, numeroExterior, colonia, codigoPostal, estado, municipio, pais, ciudad, telefono, telefono2, fax, email, comentarios, eliminado, fechaRegistro, ultimaActualizacion, semaforo) values (98, 'Wip22', 'Expide tu Factura', 'wip2', 'roam761116', 'referencia 2 ', 'no se olvida', '5', '0', 'hidalgo', 72001, 'puebla', 'puebla', 'mexico', 'puebla', '2221458796', null, null, 'wip2@algo.mx', 'comentarios 2 ', 0, now(), now(), 0);
insert into Cliente (id, clave, razonSocial, contrasena, rfc, referencia, calle, numeroInterior, numeroExterior, colonia, codigoPostal, estado, municipio, pais, ciudad, telefono, telefono2, fax, email, comentarios, eliminado, fechaRegistro, ultimaActualizacion, semaforo) values (97, 'Wip33', 'CPA Comprobantes Fiscales', 'wip3', 'roam761117', 'referencia 3', 'privada 4 de octubre', '5', '0', 'zapata', 72002, 'puebla', 'puebla', 'mexico', 'puebla', '2221458796', null, null, 'wip3@algo.mx', 'comentarios 3 ', 0, now(), now(), 0);
insert into Cliente (id, clave, razonSocial, contrasena, rfc, referencia, calle, numeroInterior, numeroExterior, colonia, codigoPostal, estado, municipio, pais, ciudad, telefono, telefono2, fax, email, comentarios, eliminado, fechaRegistro, ultimaActualizacion, semaforo) values (96, 'Wip44', 'Razon Social 2', 'wip4', 'roam761118', 'referencia 4', 'privada 5 de octubre', '5', '0', 'castro', 72003, 'puebla', 'puebla', 'mexico', 'puebla', '2221458796', null, null, 'wip4@algo.mx', 'comentarios 4 ', 0, now(), now(), 0);
insert into Cliente (id, clave, razonSocial, contrasena, rfc, referencia, calle, numeroInterior, numeroExterior, colonia, codigoPostal, estado, municipio, pais, ciudad, telefono, telefono2, fax, email, comentarios, eliminado, fechaRegistro, ultimaActualizacion, semaforo) values (95, 'Wip55', 'Facturacion Electronica', 'wip5', 'roam761119', 'referencia 5 ', 'privada 6 de octubre', '5', '0', 'guerrero', 72004, 'puebla', 'puebla', 'mexico', 'puebla', '2221458796', null, null, 'wip5@algo.mx', 'comentarios 5 ', 0, now(), now(), 0);
insert into AuditoriaCliente (idAuditoria, id, triggerActivadoPor, accionRealizada, clave, razonSocial, contrasena, rfc, referencia, calle, numeroInterior, numeroExterior, colonia, codigoPostal, estado, municipio, pais, ciudad, telefono, telefono2, fax, email, comentarios, eliminado, fechaRegistro, ultimaActualizacion, semaforo) values (1,99,'alberto','modificacion', 'Wip', 'Wip S.A', 'wip', 'roam761115', 'referencia', 'privada 2 de octubre', '5', '0', 'morelos', 72000, 'puebla', 'puebla', 'mexico', 'puebla', '2221458796', null, null, 'wip@algo.mx', 'comentarios', 0, now(), now(), 0)
insert into AuditoriaCliente (idAuditoria, id, triggerActivadoPor, accionRealizada, clave, razonSocial, contrasena, rfc, referencia, calle, numeroInterior, numeroExterior, colonia, codigoPostal, estado, municipio, pais, ciudad, telefono, telefono2, fax, email, comentarios, eliminado, fechaRegistro, ultimaActualizacion, semaforo) values (2,99,'gustavo','eliminacion', 'Wip', 'Wip S.A', 'wip', 'roam761115', 'referencia', 'privada 2 de octubre', '5', '0', 'morelos', 72000, 'puebla', 'puebla', 'mexico', 'puebla', '2221458796', null, null, 'wip@algo.mx', 'comentarios', 0, now(), now(), 0)

insert into LugarEmision(id, clave, nombre, calle, numeroInterior, numeroExterior, colonia, codigoPostal, referencia, estado, municipio, pais, ciudad, telefono, email, eliminado, fechaRegistro, ultimaActualizacion, semaforo) values (98, 'casa1', 'Direccion Casa 1', 'Cda Lirios', '16', '6', 'Emiliano Zapata', 72464, null, 'Puebla', 'Puebla', 'Mexico', 'Puebla', '2225689547', 'algo@xpd.mx', 0, now(), now(), 0);
insert into LugarEmision(id, clave, nombre, calle, numeroInterior, numeroExterior, colonia, codigoPostal, referencia, estado, municipio, pais, ciudad, telefono, email, eliminado, fechaRegistro, ultimaActualizacion, semaforo) values (97, 'casa2', 'Direccion Casa 2', 'Cda Flores', '15', '7', 'Vicente Guerrero', 72465, null, 'Puebla', 'Puebla', 'Mexico', 'Puebla', '2225689547', 'algo@xpd.mx', 0, now(), now(), 0);
insert into LugarEmision(id, clave, nombre, calle, numeroInterior, numeroExterior, colonia, codigoPostal, referencia, estado, municipio, pais, ciudad, telefono, email, eliminado, fechaRegistro, ultimaActualizacion, semaforo) values (96, 'casa3', 'Direccion Casa 3', 'Cda Azares', '14', '8', 'Miguel Hidalgo', 72466, null, 'Puebla', 'Puebla', 'Mexico', 'Puebla', '2225689547', 'algo@xpd.mx', 0, now(), now(), 0);
insert into LugarEmision(id, clave, nombre, calle, numeroInterior, numeroExterior, colonia, codigoPostal, referencia, estado, municipio, pais, ciudad, telefono, email, eliminado, fechaRegistro, ultimaActualizacion, semaforo) values (95, 'casa4', 'Direccion Casa 4', 'Cda Ea', '13', '9', 'Mateo de Regil', 72467, null, 'Puebla', 'Puebla', 'Mexico', 'Puebla', '2225689547', 'algo@xpd.mx', 0, now(), now(), 0);
insert into LugarEmision(id, clave, nombre, calle, numeroInterior, numeroExterior, colonia, codigoPostal, referencia, estado, municipio, pais, ciudad, telefono, email, eliminado, fechaRegistro, ultimaActualizacion, semaforo) values (94, 'casa5', 'Direccion Casa 5', 'Cda Ahi', '12', '10', 'Morelos', 72468, null, 'Puebla', 'Puebla', 'Mexico', 'Puebla', '2225689547', 'algo@xpd.mx', 0, now(), now(), 0); 
insert into AuditoriaLugarEmision(idAuditoria, id, triggerActivadoPor, accionRealizada, clave, nombre, calle, numeroInterior, numeroExterior, colonia, codigoPostal, referencia, estado, municipio, pais, ciudad, telefono, email, eliminado, fechaRegistro, ultimaActualizacion, semaforo) values (1, 98,'jorge', 'eliminacion' , 'casa', 'Direccion Casa 1', 'Cda Lirios', '16', '6', 'Vicente Guerrero', 72464, null, 'Puebla', 'Puebla', 'Mexico', 'Puebla', '2225689547', 'wip@xpd.mx', 0, now(), now(), 0);
insert into AuditoriaLugarEmision(idAuditoria, id, triggerActivadoPor, accionRealizada, clave, nombre, calle, numeroInterior, numeroExterior, colonia, codigoPostal, referencia, estado, municipio, pais, ciudad, telefono, email, eliminado, fechaRegistro, ultimaActualizacion, semaforo) values (2, 98,'gerardo', 'modificacion' , 'casa', 'Direccion Casa 2', 'Cda Azares', '16', '6', 'Miguel Hidalgo', 72464, null, 'Puebla', 'Puebla', 'Mexico', 'Puebla', '2225689547', 'piw@xpd.mx', 0, now(), now(), 0);

INSERT INTO ConfiguracionCFDI (id, serie, lugarDeExpedicion, expedidoEn, metodoDePago, numeroDeCtaPago, moneda, tipoCambio, usarDescuento, usarClave, usarIEPS, unidadMedida, iva, ivaExento, valorIEPS, usarIEPSPor, fechaRegistro, ultimaActualizacion, eliminado, semaforo) VALUES (1, 'A', 'Puebla', 0, 'No identificado', 'No identificado', 98, 1.00, 0, 0, 0, 1, 16.00, 0, 0, 0, now(), now(), 0, 0);


INSERT INTO `Parametro` VALUES (0,'PATH_CSD','uri para el csd',0,'2013-05-28 18:42:56','Ruta csd',0,'2013-05-28 18:42:56','/home/cfdi/tmp/'),(1,'PATH_IMG_LOGO','direccion logo',0,'2013-05-28 18:42:50','LOGOTIPO',0,'2013-05-28 18:42:50','/home/cfdi/imagenes/'),(40,'CANCELACION_URL','url para cancelación',0,'2013-05-24 18:20:47','Url cancelacion',0,'2013-05-24 18:20:47','http://www.expidetufactura.com.mx:8080/CancelacionServidorWS/CancelacionPruebas'),(43,'PATH_EXTERNO_XML_TIMBRADO','url xml',0,'2013-05-28 18:30:25','xml',0,'2013-05-28 18:30:25','/home/cfdi/xml/'),(44,'PATH_EXTERNO_PDF_TIMBRADO','url pdf',0,'2013-05-28 18:30:18','pdf',0,'2013-05-28 18:30:18','/home/cfdi/pdf/'),(45,'PATH_AES','ruta para el aes',0,'2013-05-28 18:30:50','url aes',0,'2013-05-28 18:30:50','/home/cfdi/files/aesCfdi.txt'),(46,'VERSION_XML','VERSION XML',0,'2013-05-28 18:19:56','VERSION XML',0,'2013-05-28 18:19:56','3.2'),(47,'RUTA_PLANTILLAS','',0,'2013-05-28 18:42:43','RUTA_PLANTILLAS',0,'2013-05-28 18:42:43','/home/cfdi/plantillas/'),(48,'PATH_XSLT_CADENA','',0,'2013-05-28 18:49:15','PATH_XSLT_CADENA',0,'2013-05-28 18:49:15','/home/cfdi/xslt/cadenaoriginal_3_2.xslt');


INSERT INTO Semilla (id, pkey, fechaRegistro, ultimaActualizacion, eliminado, semaforo) VALUES (90, '70CEB70D37726F26F99A47AA33262C68', now(), now(), 0, 0);

INSERT INTO Plantilla (id, factura, notaCredito, notaCargo, reciboHonorarios, fechaRegistro, ultimaActualizacion, eliminado, semaforo) VALUES (1, 1, 1, 1, 1, now(), now(), 0, 0);





